system,provenance,status,ndcg_10_mean,recall_50_mean,p95_latency_mean,datasets_tested,bootstrap_samples
cohere/embed-english-v3.0,unavailable,UNAVAILABLE:NO_API_KEY,,,,0,0
openai/text-embedding-3-large,api,AVAILABLE,0.6625981761008716,0.7627167087973694,110.98812075263048,3,2000
bm25,local,AVAILABLE,0.4471181216415446,0.5347565584609536,135.08481742235583,3,2000
colbert-v2,local,AVAILABLE,0.6985590385350863,0.8017629990420069,127.89990420856907,3,2000
t1-hero,local,AVAILABLE,0.7503513109324499,0.8391402388898617,126.59088285044295,3,2000
